id;Defective part number;QTY
1;69421;1
1;79004;1
1;51590;1
2;34044;2
2;7432;1
2;85648;4
2;70719;4
3;1447;4
3;13870;2
3;28375;3
11;33735;4
12;38684;3
13;46959;1
14;13557;1
15;2755;2
16;75520;3
17;29580;1
18;58732;4
19;8816;3
20;41138;2
21;71299;2
22;30666;4
23;14480;2
24;41969;1
25;50943;3
26;79927;1
27;27958;3
28;63855;4
29;57321;3
30;81051;1
31;46506;3
32;24681;1
33;50545;2
34;63578;2
35;46906;3
36;96093;1
37;56283;2
38;58838;2
39;44868;2
40;42609;2
41;99508;4
42;851;2
43;4358;2
44;1242;4
45;71577;1
46;50202;3
47;56572;4
48;28426;4
49;76134;1
50;58720;1
51;17917;3
52;31801;4
53;85033;4
54;54127;3
55;46727;3
56;19942;2
57;73303;1
58;14178;2
59;66197;1
60;99221;2
61;78560;4
62;80598;4
63;44068;3
64;56861;1
65;24654;1
66;34695;4
67;11145;1
68;63970;3
69;58785;1
70;84152;2
71;55676;3
72;48457;3
73;63379;2
74;44103;3
75;4384;1
76;84409;1
77;73481;1
78;89233;2
79;32115;2
80;52554;1
81;55828;3
82;75551;3
83;93133;4
84;34601;4
85;49475;1
86;26622;4
87;49743;3
88;89999;4
89;67738;3
90;96985;4
91;6952;1
92;13934;1
93;57168;4
94;9617;2
95;97942;2
96;57701;1
97;72219;4
98;38276;4
99;48390;2
100;64112;2
101;50208;1
102;95442;4
103;86147;4
104;27991;2
105;74827;1
106;96207;1
107;11889;4
108;89937;4
109;80009;4
110;94822;4
111;27211;3
112;17305;1
113;90147;4
114;239;1
115;75059;2
116;18883;2
117;56260;3
118;82914;3
119;1552;3
120;77140;1
121;10699;4
122;3949;2
123;33298;1
124;49277;4
125;41478;2
126;84932;2
127;13497;3
128;17501;4
129;16720;3
130;16222;3
131;82100;1
132;22816;3
133;38427;2
134;10798;1
135;58917;1
136;4495;3
137;61823;4
138;71205;1
139;96949;3
140;5237;1
141;40463;2
142;94142;1
143;56392;1
144;83220;4
145;2020;1
146;81519;4
147;45007;2
148;70782;4
149;52550;2
150;81285;4
152;1902;3
153;37866;1
154;58022;1
155;19338;1
156;38822;1
157;17462;4
158;16746;3
159;70574;3
160;65891;1
161;96240;2
162;90914;1
163;91864;2
164;79432;4
165;710;2
166;43420;3
167;31375;3
168;14272;4
169;44573;2
170;97715;3
171;77840;3
172;66217;1
173;57518;1
174;35081;1
175;16646;3
176;9686;3
177;49396;1
178;35866;1
179;19087;2
180;23735;1
181;25322;3
182;42845;2
183;46521;4
184;96502;2
185;80781;4
186;41114;4
187;69448;2
188;77867;4
189;30637;3
190;38456;4
191;50300;2
192;2907;2
193;91918;3
194;15822;3
195;40701;3
196;24007;4
197;11051;1
198;36444;2
199;94929;3
200;60481;4
201;12997;2
202;95501;1
203;61480;4
204;54694;3
205;88630;2
206;98437;4
207;42882;2
208;6246;4
209;17773;3
210;61232;4
211;30006;3
212;16931;1
213;23201;4
214;69568;2
215;15782;4
216;85642;1
217;54784;1
218;42740;1
219;62172;3
220;47542;3
221;92695;2
222;23839;3
223;32740;4
224;5292;3
225;1387;1
227;83295;4
228;69498;3
229;60836;2
230;24888;4
231;7050;2
232;29607;3
233;41112;1
234;42331;2
235;81827;3
236;42376;4
237;39095;4
238;93078;3
239;31981;1
240;69840;3
241;20398;4
242;10286;2
243;63386;1
244;9714;1
245;31984;1
246;35237;4
247;45564;4
248;87035;1
249;24747;2
250;45736;4
251;53245;3
252;25571;4
253;10154;3
254;26588;3
255;60359;4
256;30204;4
257;39481;1
258;96010;4
259;81645;2
260;44364;2
261;64838;1
262;43940;3
263;8543;4
264;98707;4
265;18962;2
266;43212;1
267;86542;2
268;16211;4
269;93293;1
270;54639;3
271;39895;2
272;64559;3
273;84536;3
274;4805;2
275;18831;1
276;63574;4
277;11825;3
278;31585;4
279;93026;1
280;29884;1
281;26464;4
282;8926;1
283;10532;1
284;15237;4
285;5643;1
286;69564;1
287;93551;1
288;42670;2
289;27004;2
290;30517;3
291;60827;3
292;53761;2
293;35742;1
294;71347;2
295;4444;4
296;94433;1
297;64940;4
298;45203;2
299;67418;3
300;84222;4
301;6298;4
302;41727;3
303;4417;3
304;83461;1
305;78362;3
306;44336;1
307;3749;2
308;13263;2
309;34666;2
310;63298;3
311;62898;4
312;23884;3
313;62701;3
314;27337;2
315;7392;2
316;93482;1
317;22974;4
318;32085;3
319;73471;2
320;58067;4
321;43145;3
322;67064;2
323;43283;3
324;43866;3
325;60161;1
326;97131;3
327;74661;3
328;41276;2
329;82182;2
330;54193;1
331;15270;4
332;21111;2
333;24556;4
334;84378;4
335;30370;1
336;51741;3
337;10521;1
338;69136;4
339;83215;3
340;38619;3
341;69098;3
342;91693;3
343;84441;4
344;6474;2
345;83185;1
346;59363;1
347;502;2
348;13551;4
349;91447;2
350;55864;4
351;77107;3
352;64541;3
353;16959;3
354;28214;2
356;8433;1
357;98003;2
358;81628;2
359;98822;2
360;93658;4
361;11316;1
362;30478;1
363;84929;3
364;27324;3
365;5207;4
366;27861;4
367;76985;2
368;85234;4
369;40164;4
370;39650;1
371;45742;1
372;94370;2
373;83520;2
374;99640;3
375;31822;2
376;17277;4
377;57247;3
378;42400;4
379;37472;2
380;78918;3
381;77794;1
382;43775;3
383;95950;2
384;89967;4
385;24824;3
386;69300;3
387;46585;3
388;61876;4
389;84525;3
390;73880;3
391;46516;4
392;47517;2
393;77038;3
394;54012;3
395;44503;4
396;55190;3
397;54170;3
398;83812;2
399;65864;4
400;48138;1
401;4596;4
402;49527;1
403;89582;3
404;66603;1
405;4802;1
406;32914;1
407;9534;3
408;7968;2
409;46707;4
410;35534;3
411;80312;3
412;563;4
413;24031;3
414;47702;2
415;82751;4
416;40187;4
417;39259;4
418;12801;2
419;81541;3
420;6006;3
421;5105;2
422;37966;1
423;11088;4
424;18225;1
425;52661;3
426;41486;1
427;43879;3
429;22477;3
430;99102;2
431;20836;2
432;20034;4
433;62336;2
434;84532;4
435;20506;1
436;43247;3
437;33116;3
438;29325;4
439;93059;4
440;43621;2
441;22400;3
442;61839;3
443;49421;1
444;85682;2
445;87447;1
446;53868;1
447;36221;3
448;36578;1
449;59300;1
450;8576;2
451;65495;2
452;30518;3
453;18276;1
454;85069;2
455;55146;1
456;62074;2
457;10592;3
458;84383;4
459;11278;2
460;67321;3
461;48925;2
462;41237;3
463;21821;2
464;78171;3
465;63316;2
466;47637;3
468;75303;4
469;75375;3
470;65106;1
471;78843;3
472;84234;4
473;4110;3
474;95210;4
475;77210;2
476;542;4
477;88485;1
478;92055;2
479;35734;4
480;55858;3
481;48474;3
482;57876;1
483;40505;1
484;28666;3
485;66831;3
486;37185;3
487;5466;1
488;91616;4
489;70076;4
490;71699;2
491;83969;2
492;56183;4
493;69612;2
494;30104;1
495;74359;2
496;61256;2
497;98515;4
498;27085;1
499;63291;3
500;93074;1
501;73946;3
502;32380;3
503;95902;3
504;6418;3
505;30741;3
506;93308;2
507;24083;4
508;79135;3
509;55810;4
510;33010;4
511;50342;4
512;50919;3
513;79009;2
514;23927;3
515;46142;2
516;99613;3
517;59987;1
518;76272;2
519;78279;4
520;55233;3
521;41837;3
522;29364;4
523;54991;2
524;16066;4
525;73893;3
526;50247;3
527;79545;3
528;81658;4
529;54159;3
530;12091;3
531;41553;2
532;25643;3
533;81573;4
534;64271;2
535;36348;1
536;34393;2
537;66687;2
538;25321;1
539;17104;3
540;37006;4
541;62736;4
542;24297;4
543;59994;1
544;24869;2
545;82843;3
546;14100;4
547;56214;1
548;87211;1
549;20435;4
550;54460;1
551;37942;1
552;46705;2
553;5928;4
554;70709;1
555;26771;3
556;17516;3
557;60017;4
558;96196;3
560;54733;2
561;3331;1
562;25323;3
563;27346;3
564;73927;3
565;87950;2
566;36857;2
567;64294;3
568;92198;2
569;74633;3
570;66961;4
571;61116;4
572;75619;4
573;51335;3
574;7488;1
575;3048;2
576;8194;3
577;80669;3
578;56173;4
579;15131;4
580;31063;1
581;15896;3
582;57810;2
583;64619;2
584;72980;4
585;70611;1
586;92227;4
587;49686;3
588;50461;4
589;21442;4
590;84674;3
591;77138;4
592;57653;3
593;18739;4
594;34615;4
595;34600;4
596;88753;1
597;73102;4
598;57422;2
599;22096;4
600;15795;2
601;10652;2
602;93939;3
603;68319;1
604;88164;4
605;96797;1
606;9823;1
607;80981;3
608;19973;1
609;3287;3
610;18424;3
611;79929;1
612;89480;2
613;45555;2
614;98021;2
615;87612;4
616;82302;4
617;93439;1
618;68045;2
619;11324;4
620;92930;4
621;43714;2
622;43758;2
623;56270;4
624;77974;2
625;58217;1
626;40487;3
627;98020;4
628;93238;3
629;22222;2
630;23283;2
631;61211;4
632;10380;4
633;47183;3
634;89078;1
635;42893;1
636;30803;4
637;79955;2
638;65897;1
639;74578;2
640;42729;1
641;96684;3
642;80554;1
643;14928;2
644;30048;3
645;53791;3
646;46885;4
647;46267;2
648;4213;4
649;95201;2
650;72031;3
651;54320;3
652;73948;1
653;26194;3
654;39142;2
655;44914;3
656;32414;4
657;11427;2
658;89190;4
659;51243;4
660;47243;1
661;85279;1
662;4170;1
663;64255;2
664;88562;4
665;98870;4
666;23227;1
667;79196;1
668;58082;3
669;680;1
670;25461;2
671;78434;3
672;73540;3
673;24399;2
674;71378;4
675;8268;3
676;68634;3
677;96326;1
678;78086;4
679;99922;4
680;98342;3
681;6096;3
682;13311;2
683;5711;2
684;11449;4
685;88461;1
686;37681;4
687;4857;2
688;46536;2
689;73435;1
690;39367;3
691;70264;3
692;44682;3
693;15505;2
694;29189;4
695;70133;1
696;15035;3
697;22874;1
698;77943;2
699;78121;1
700;46185;1
701;22176;2
702;88733;3
703;36599;2
704;8603;1
705;45069;4
706;36782;4
707;81628;2
708;50547;2
709;69206;1
710;35985;2
711;78726;1
712;89956;2
713;50007;3
714;47078;3
715;79301;3
716;20356;4
718;93687;4
719;37850;3
720;28254;1
721;25946;1
722;67454;4
723;79900;3
724;36434;4
725;99959;3
726;94837;1
727;10766;3
728;34911;4
729;19694;4
730;46418;4
731;339;2
732;13490;4
733;16058;1
734;19780;2
735;18790;3
736;93705;1
737;65206;1
738;64126;3
739;24542;4
740;25250;4
741;31170;4
742;8488;1
743;96499;3
744;71797;4
745;48259;1
746;95657;3
747;32603;3
748;9139;1
749;14209;2
750;13185;4
751;41748;2
752;12971;4
753;64211;4
754;74949;1
755;83963;3
756;48532;4
757;40261;2
758;89099;3
759;78192;2
760;91531;3
761;48803;4
762;12789;1
763;95888;4
764;72049;1
765;81655;1
766;5099;4
767;20762;2
768;96554;3
769;60031;3
770;31664;3
771;3869;3
772;49749;3
773;94256;4
774;88213;1
775;26414;3
776;30151;1
777;89727;3
778;70001;1
779;90419;4
780;79039;2
781;32837;3
782;40113;3
783;7102;1
784;60415;2
785;44212;1
786;83380;2
787;31248;3
788;5317;3
789;23069;2
790;50270;1
791;43134;2
792;49207;4
793;13078;1
794;80809;2
795;75520;4
796;71538;3
797;54843;1
798;97040;3
799;99316;4
800;67484;1
801;31141;3
802;17403;2
803;96963;3
805;12294;3
806;62638;4
807;71079;2
808;47808;2
809;75733;1
810;609;1
811;79012;4
812;21697;1
813;75522;2
814;27642;4
815;57093;1
816;43807;2
817;79242;3
818;20172;2
819;44797;3
820;70013;3
821;26795;1
822;55791;1
823;72433;1
824;19370;3
825;10700;1
826;3075;4
827;72610;3
828;57927;1
829;72556;4
830;3756;2
831;75358;3
832;33079;4
833;76634;3
834;91299;4
835;65791;3
836;79210;3
837;42663;4
838;6123;3
839;97910;1
840;4996;4
841;35100;1
842;8659;1
843;88214;1
844;31973;1
845;7324;1
846;55773;1
847;69335;2
848;66411;2
849;85408;3
850;89683;1
851;41975;4
852;53036;1
853;56289;1
854;27031;1
855;75262;2
857;99660;3
858;19507;4
859;6424;1
860;6761;3
861;28510;1
862;67334;2
863;21208;1
864;93865;4
865;86582;1
866;21500;2
867;42491;4
868;69031;2
869;68028;2
870;72848;3
871;30037;4
872;75889;4
873;26615;2
874;21659;1
875;46088;2
876;69396;3
877;12973;1
878;96876;3
879;68770;4
880;46699;1
881;73093;2
882;72117;2
883;47535;1
884;51651;4
885;65057;2
886;66481;3
887;76005;3
888;12730;1
889;40306;1
890;13324;1
891;39510;1
892;2285;1
893;91762;3
894;13117;2
895;34229;1
896;36220;4
897;739;2
898;94872;1
899;73636;3
900;57760;1
901;46576;4
902;49956;2
903;15254;1
904;54946;2
905;66791;1
906;34072;3
907;15989;4
908;11581;1
909;59011;1
910;68789;4
911;42225;3
912;67199;1
913;52162;1
914;40577;3
915;92146;1
916;97392;3
917;91057;1
918;74183;3
919;6396;1
920;44299;2
921;32972;1
922;55516;3
923;21629;3
924;41116;2
925;35622;4
926;16221;1
927;73802;3
928;77741;2
929;62848;2
930;25159;3
931;53837;3
932;39037;1
933;20826;3
934;67199;2
935;81758;1
936;75270;3
937;31170;4
938;74565;1
939;25836;1
940;52372;3
941;46130;3
942;35003;2
943;55397;1
944;73483;4
945;45080;1
946;66015;3
947;90990;4
948;18119;4
949;47435;2
950;62003;4
951;97399;2
952;87061;3
953;622;3
954;40870;1
955;99984;3
956;42968;3
957;73093;1
958;71303;4
959;93838;4
960;65894;1
961;67000;2
962;73503;3
963;89125;2
964;24803;2
965;24839;2
966;7773;2
967;5412;4
968;62439;3
969;85247;1
970;67521;1
971;97540;2
972;314;2
973;62316;1
974;15986;3
975;59496;1
976;50811;4
977;28087;1
978;45802;4
979;64439;4
980;61242;4
981;28724;2
982;27199;1
983;49235;2
984;63085;3
985;26728;3
986;13770;4
987;19941;4
988;35500;2
989;57495;4
990;94928;1
991;44604;2
992;2423;2
993;75056;2
994;80143;3
995;10040;3
996;11520;3
997;99739;3
998;2365;1
999;48251;3
1000;1904;2
1001;81796;1
1002;64666;4
1003;95939;4
1004;88664;3
1005;41064;1
1006;84097;1
1007;13808;3
1008;64805;4
1009;32242;3
1010;50009;4
1011;87186;1
1012;94018;1
1013;70573;1
1014;6927;4
1015;49799;4
1017;83159;4
1018;95232;2
1019;69607;3
1020;92615;4
1021;2584;1
1022;57865;3
1023;13612;3
1024;14970;2
1025;91114;4
1026;91640;4
1027;14793;2
1028;97553;1
1029;23152;1
1030;51007;3
1031;15039;1
1032;6490;4
1033;53757;2
1034;43515;3
1035;29508;3
1036;7288;1
1037;796;3
1038;17706;2
1039;52938;1
1040;37714;3
1041;73807;3
1042;83607;1
1044;2384;3
1045;44739;4
1046;7317;4
1047;92342;4
1048;88346;2
1049;46571;3
1050;33006;1
1051;9953;2
1052;48432;4
1053;1463;2
1055;62249;1
1056;42658;3
1057;23995;1
1058;18310;4
1059;97070;3
1060;75837;3
1061;76779;3
1062;98388;4
1063;35422;3
1064;28975;2
1065;54192;3
1066;14427;4
1067;33429;3
1068;6398;1
1069;16842;2
1070;42804;1
1071;97602;1
1072;86935;3
1073;22844;2
1074;74635;3
1075;2067;4
1076;36953;1
1077;90700;1
1078;53260;2
1079;5168;2
1080;19057;3
1081;49131;2
1082;75003;1
1083;69939;2
1084;25685;3
1085;31740;4
1086;78355;1
1087;62182;4
1088;14072;3
1089;55748;3
1090;1129;2
1091;67864;1
1092;51041;2
1093;35137;2
1094;49148;1
1095;45891;2
1096;33823;1
1097;52407;3
1098;13956;3
1099;43834;2
1100;25504;1
1101;17551;1
1102;20167;3
1103;91473;4
1104;61254;1
1105;46918;1
1106;11644;4
1107;13258;4
1108;33157;4
1109;73903;1
1110;20978;2
1111;7017;2
1112;38238;2
1113;89985;3
1114;36876;3
1115;49151;4
1116;29587;1
1117;86460;3
1118;20034;2
1119;60199;1
1120;91396;4
1121;73142;4
1122;56150;1
1123;59996;1
1124;95398;3
1125;34941;1
1126;25786;4
1127;3348;4
1128;55968;4
1129;47722;4
1130;52761;1
1131;87111;1
1132;60139;2
1133;60144;2
1134;47980;1
1135;65643;2
1136;21361;1
1137;94427;1
1138;18923;4
1139;13977;3
1140;44671;4
1141;1075;4
1142;16517;4
1143;58246;1
1144;59208;2
1145;28890;4
1146;27685;1
1147;65060;3
1148;65153;2
1149;53610;2
1150;22245;4
1151;48322;1
1152;52843;3
1153;87476;2
1154;4296;1
1155;52041;3
1156;39918;1
1157;68698;2
1158;33479;2
1159;84185;3
1160;92134;2
1161;25689;2
1162;8506;1
1163;48005;3
1164;34218;3
1165;55304;2
1166;70086;2
1167;84758;4
1168;61966;4
1169;76070;1
1170;95318;1
1171;92165;4
1172;18281;4
1173;45576;2
1174;27696;3
1175;60086;1
1176;64821;2
1177;12351;3
1178;89880;4
1179;4236;2
1180;24906;3
1181;49805;4
1182;39028;1
1183;82365;4
1184;85137;1
1185;64193;1
1186;43360;2
1187;13945;3
1188;44670;3
1189;88846;3
1190;39026;2
1191;21797;2
1192;22633;3
1193;62781;2
1194;61101;1
1195;99432;4
1196;7985;4
1197;75273;2
1198;15945;3
1199;56972;1
1200;64681;3
1201;89810;2
1202;45660;1
1203;63598;4
1204;33613;4
1205;82054;1
1206;55103;4
1207;9876;2
1208;16522;2
1209;29564;1
1210;7334;4
1211;37317;1
1212;80433;2
1213;2627;1
1214;46327;2
1215;93202;2
1216;3450;3
1217;33208;2
1218;83820;3
1219;52941;4
1220;65612;2
1221;23445;2
1222;55435;4
1223;63361;3
1224;41360;1
1225;28235;1
1226;21427;1
1227;59329;2
1228;87380;3
1229;33776;4
1230;69406;3
1231;44091;1
1232;28482;4
1233;78254;1
1234;67553;1
1235;93523;1
1236;60355;2
1237;58162;3
1238;19880;1
1239;268;2
1240;70501;3
1241;23947;2
1242;41200;1
1243;18055;3
1244;61148;4
1245;67726;1
1246;88572;4
1247;55756;1
1248;655;2
1249;3297;1
1250;59012;2
1251;16558;3
1252;49572;4
1253;25039;1
1254;64963;4
1255;73865;1
1256;16616;4
1257;81789;4
1258;24808;2
1259;84089;1
1260;70484;2
1261;98960;1
1262;91793;1
1263;13399;3
1264;19340;3
1265;99846;3
1266;4120;3
1267;67634;2
1268;94568;1
1269;36471;2
1270;47374;1
1271;45585;2
1272;6445;3
1273;83469;3
1274;18382;1
1275;68894;3
1276;94022;3
1277;42347;2
1278;69084;4
1279;99444;4
1280;11019;4
1281;59898;1
1282;8648;4
1283;10308;4
1284;24375;4
1285;29126;4
1286;68849;2
1287;64408;1
1288;4540;1
1289;1929;1
1290;76405;3
1291;44900;2
1292;56175;1
1293;98453;3
1294;97781;4
1295;81571;3
1297;37735;3
1298;79459;4
1299;2005;2
1300;19880;2
1301;28931;2
1302;16924;3
1303;78557;3
1304;46599;2
1305;60559;2
1306;84418;1
1307;93106;2
1308;65400;2
1309;36434;4
1310;43760;3
1311;47179;4
1312;783;2
1313;99178;1
1314;93220;4
1315;79854;1
1316;3216;1
1317;79017;3
1318;40669;3
1319;35473;2
1320;77911;4
1321;6099;4
1322;34073;3
1323;54677;2
1324;48594;3
1325;24063;2
1326;14538;3
1327;33632;4
1328;95658;3
1329;37918;3
1330;3235;3
1331;20321;1
1332;28178;3
1333;51041;3
1334;85084;2
1335;65071;4
1336;93457;3
1337;75995;1
1338;76096;4
1339;74441;2
1340;89534;2
1341;9474;4
1342;53202;1
1343;46758;2
1344;71999;4
1345;91892;4
1346;49598;4
1347;54516;4
1348;35564;4
1349;42935;1
1350;31139;4
1351;35855;2
1352;68022;1
1353;46525;1
1354;33227;1
1355;63611;1
1356;52047;2
1357;18148;4
1358;72819;2
1359;30196;4
1360;99327;4
1361;49916;4
1362;42346;4
1363;42704;2
1364;70340;2
1365;34446;3
1366;2165;2
1367;35564;2
1368;8888;3
1369;74690;4
1370;35809;2
1371;40398;4
1372;55084;3
1373;66591;1
1374;19524;4
1375;38138;2
1376;27970;3
1377;89066;3
1378;91281;3
1379;2210;2
1380;35267;4
1381;49277;3
1382;89450;1
1383;65342;4
1384;74266;4
1385;73282;1
1386;78705;4
1387;77299;4
1388;74686;4
1389;9065;3
1390;87765;4
1391;19855;1
1392;75067;2
1393;60701;2
1395;54462;1
1396;91558;4
1397;35325;3
1398;26153;3
1399;73966;1
1400;10195;3
1401;75100;2
1402;68261;4
1403;94309;2
1404;68230;2
1405;22871;4
1406;35392;1
1407;37331;4
1408;10774;4
1409;84026;3
1410;64533;2
1411;29121;1
1412;20276;1
1413;16664;4
1414;89106;1
1415;88260;2
1416;10945;3
1417;1439;4
1418;97470;3
1419;40891;3
1420;26885;4
1421;2222;4
1422;88465;1
1423;95074;2
1424;24573;2
1425;93206;1
1426;17409;3
1427;40313;1
1428;98530;3
1429;5693;2
1430;69664;4
1431;90166;3
1432;81777;1
1433;93683;1
1434;70279;3
1435;9473;1
1436;33175;3
1437;9557;3
1439;54829;2
1440;96811;4
1441;9078;4
1442;10232;3
1443;78099;1
1444;2637;3
1445;73310;4
1446;61400;1
1447;53850;4
1448;48860;2
1449;41776;3
1450;17749;3
1451;42534;2
1452;96416;4
1453;55889;4
1454;16967;2
1455;38743;1
1456;38120;3
1457;69059;1
1458;31168;3
1459;24861;2
1460;14561;3
1461;42141;2
1462;71859;1
1463;65017;2
1464;8219;1
1465;16556;4
1466;38867;1
1467;55382;3
1468;6718;2
1469;39846;1
1471;28258;2
1472;53229;4
1473;7693;1
1474;5854;1
1475;41817;2
1476;73748;4
1477;75835;3
1478;13572;4
1479;88901;1
1480;61596;3
1481;86891;1
1482;27372;4
1483;59524;2
1484;47116;3
1485;6671;3
1486;86587;3
1487;38291;4
1488;65088;4
1489;70855;3
1490;32641;3
1491;60897;4
1492;690;4
1493;42755;4
1494;18259;3
1495;16677;1
1496;64264;2
1497;8172;4
1498;43628;2
1499;18252;2
1500;69319;4
1501;33472;2
1502;70435;1
1503;16519;3
1504;63440;3
1505;8788;2
1506;698;1
1507;61885;4
1508;34641;3
1509;26927;1
1510;4241;2
1511;93934;3
1512;44564;3
1514;22318;4
1515;87300;3
1516;28183;1
1517;89632;2
1518;97248;1
1519;20235;3
1520;82715;4
1521;22929;4
1522;24919;3
1523;82412;4
1524;92740;2
1525;99962;2
1526;73410;2
1527;24095;3
1528;9780;1
1529;35916;1
1530;68932;3
1531;97906;1
1532;80749;1
1533;97252;4
1534;44710;4
1535;84275;2
1536;81698;2
1537;71773;4
1538;89599;2
1539;86787;2
1540;7246;4
1541;45601;2
1542;74365;3
1543;42016;1
1544;33409;3
1545;62298;3
1546;66693;2
1547;36362;1
1548;41699;3
1549;83044;1
1550;78802;2
1551;56902;2
1552;67119;4
1553;3899;2
1554;96685;1
1555;65838;3
1556;1083;4
1557;29147;4
1558;47573;1
1559;92588;1
1560;6482;4
1561;69808;4
1562;70907;1
1563;42333;3
1564;63690;4
1565;72137;1
1566;22513;3
1567;54111;4
1568;71713;1
1569;98961;1
1570;29539;2
1571;80518;2
1572;92275;1
1573;76240;4
1574;8222;3
1575;19960;4
1576;78372;4
1577;85323;3
1578;63360;1
1579;61319;2
1580;87411;3
1581;21007;1
1582;8802;2
1583;17849;3
1584;78019;1
1585;80302;1
1586;71418;1
1587;37109;2
1588;67842;2
1589;20015;2
1590;70489;3
1591;71890;2
1592;57332;4
1593;41976;1
1594;45943;4
1595;65991;4
1596;99682;2
1597;63292;1
1598;49992;4
1599;55030;1
1600;24327;2
1601;83377;4
1602;84801;2
1603;11549;4
1604;79568;1
1605;8418;2
1606;41796;3
1607;79826;2
1608;11926;1
1609;80030;1
1610;19918;2
1611;52191;4
1612;20155;3
1613;80545;1
1614;67980;2
1615;601;3
1616;67287;3
1617;24615;1
1618;8437;3
1619;92441;1
1620;81685;3
1621;2267;4
1622;64294;3
1623;29667;1
1624;94602;1
1625;26897;2
1626;6117;4
1627;27299;1
1628;1180;4
1629;48164;2
1630;8822;3
1631;31545;2
1632;8543;2
1633;89516;4
1634;92950;1
1635;30054;1
1636;44386;1
1637;16629;2
1638;98059;4
1639;29228;2
1640;83117;4
1641;34745;1
1642;55366;3
1643;68760;1
1644;19254;1
1645;31775;1
1646;93998;2
1647;22292;2
1648;84396;4
1649;54460;2
1650;74768;1
1651;6324;2
1652;84727;1
1653;72289;3
1654;80229;1
1655;78906;3
1656;52013;3
1657;82860;4
1658;23668;4
1659;32480;3
1660;98287;1
1661;96748;2
1662;9002;4
1663;64936;3
1664;84424;3
1665;76618;1
1666;94385;1
1667;7584;1
1668;42596;4
1669;83081;4
1670;70848;3
1671;97962;1
1672;96603;2
1673;58586;2
1674;36928;4
1675;39533;1
1676;67036;2
1677;3008;2
1678;23445;2
1679;88340;1
1680;38323;2
1681;46416;3
1682;72415;1
1683;42362;1
1684;94301;4
1685;7799;4
1686;79361;2
1687;85780;4
1688;71254;4
1689;24615;4
1690;20682;4
1691;89868;4
1692;78751;4
1693;12152;1
1694;36389;3
1695;46014;4
1696;77472;1
1697;19424;2
1698;75232;1
1699;59259;1
1700;14262;1
1701;44347;4
1702;46108;2
1703;66284;4
1704;83989;2
1705;66914;3
1706;97958;2
1707;90928;4
1708;52780;4
1709;80516;1
1710;51086;1
1711;19802;2
1712;30183;2
1713;69604;4
1714;6703;2
1715;3981;4
1716;396;2
1717;50036;3
1718;25137;1
1719;12905;4
1720;16230;2
1721;14498;2
1722;22898;4
1723;96584;3
1724;81785;4
1725;85304;1
1726;78246;4
1727;77588;3
1728;82278;1
1729;59871;3
1730;81535;1
1731;52317;1
1732;9124;2
1733;91683;2
1734;37534;2
1735;10135;4
1736;27103;4
1737;44162;4
1738;4267;1
1739;67031;2
1740;55051;2
1741;31563;3
1742;50152;4
1743;33446;4
1744;10019;4
1745;329;2
1746;86443;3
1747;17694;4
1748;7384;3
1749;82051;1
1750;77095;3
1751;68400;2
1753;35779;4
1754;60168;4
1755;25105;1
1756;84617;2
1757;73370;3
1758;41164;2
1759;46799;1
1760;90813;1
1761;25199;1
1762;67914;1
1763;95970;4
1764;33828;2
1765;4362;4
1766;48798;3
1767;43490;3
1768;35496;1
1769;8689;4
1770;49248;1
1771;94171;1
1772;62677;4
1773;92764;4
1774;47782;2
1775;86136;4
1776;30617;2
1777;98131;2
1778;73785;2
1779;61452;2
1780;80466;4
1781;27144;3
1782;30052;3
1783;61122;4
1784;82899;2
1785;25841;2
1786;52851;3
1788;78942;2
1789;11793;1
1790;43613;4
1791;71048;2
1792;71522;1
1793;50675;2
1794;75497;3
1795;72770;3
1796;90844;2
1797;28527;2
1798;52430;2
1799;27594;3
1800;56405;2
1801;39201;2
1802;32069;2
1803;57139;4
1804;38783;3
1805;62053;3
1806;14146;1
1807;43124;2
1808;40880;1
1809;77484;2
1810;47503;1
1811;39369;1
1812;6593;4
1813;55380;2
1814;51038;1
1815;52005;1
1816;94254;4
1817;48792;4
1818;47819;2
1819;316;2
1820;24608;1
1821;22340;2
1822;98815;3
1823;40212;2
1824;55274;1
1825;68731;3
1826;29619;3
1827;13607;4
1828;64438;2
1829;31137;1
1830;44528;3
1831;75313;3
1832;93864;2
1833;63777;2
1834;50354;3
1835;17299;1
1836;56717;3
1837;45737;2
1838;3153;4
1839;73925;3
1840;20856;2
1841;61644;2
1842;80329;1
1843;93870;4
1844;25330;4
1845;19174;4
1846;46115;1
1847;74726;4
1848;69990;4
1849;21437;1
1850;98431;4
1851;24730;1
1852;65810;2
1853;50354;4
1854;12923;1
1855;30452;1
1856;63636;3
1857;87653;2
1858;38279;3
1859;94715;3
1860;30340;3
1861;93872;2
1862;40430;2
1863;74871;1
1864;8846;3
1865;24200;1
1866;3013;3
1867;61098;1
1868;93316;2
1869;91957;2
1870;79744;2
1871;44990;4
1872;33207;1
1873;90641;4
1874;86803;2
1875;18042;1
1876;44562;1
1877;5788;2
1878;55228;3
1879;50928;1
1880;96541;4
1881;14324;2
1882;2444;2
1883;97272;3
1884;24884;3
1885;47631;1
1886;69171;1
1887;71089;2
1888;85458;3
1889;21016;3
1890;36113;3
1891;85393;2
1892;71448;2
1893;4123;2
1894;37767;4
1895;81950;4
1896;36857;4
1897;14523;3
1898;90579;2
1899;91411;3
1900;63885;2
1901;30064;2
1902;82555;2
1903;50433;4
1904;70463;4
1905;39964;2
1906;50841;3
1907;8972;4
1908;40653;1
1909;85620;4
1910;7128;4
1911;21887;4
1912;40455;2
1913;33613;4
1914;22161;2
1915;86898;1
1916;86354;2
1917;41601;4
1918;18892;2
1919;10427;4
1920;13405;2
1921;11109;1
1922;33392;3
1923;37545;2
1924;25455;3
1925;7297;3
1926;25457;2
1927;74254;2
1928;63021;4
1929;31573;1
1930;74888;2
1931;63822;2
1932;54195;4
1933;99256;2
1934;36305;1
1935;78213;2
1936;23973;2
1937;43820;2
1938;59953;2
1939;67755;3
1940;11149;1
1941;80575;2
1942;98849;3
1943;97868;1
1944;62469;1
1945;68205;3
1946;56420;2
1947;39402;1
1948;31866;2
1949;86796;4
1950;31844;4
1951;40404;2
1952;73959;1
1953;1278;1
1954;29857;1
1955;23814;4
1956;70442;2
1957;29139;2
1958;9980;2
1959;79508;2
1960;20891;2
1961;32154;1
1962;31638;4
1963;49179;1
1964;35619;1
1965;34434;3
1966;58073;3
1967;69976;2
1968;83096;3
1969;93939;1
1970;4807;1
1971;44841;4
1972;41398;2
1973;73286;3
1974;57780;1
1975;5292;4
1976;51093;2
1977;28144;3
1978;43502;1
1979;28716;1
1980;84112;1
1981;57879;2
1982;44979;3
1983;82496;2
1984;38002;2
1985;40699;1
1986;77532;1
1987;72190;2
1988;5888;1
1989;74085;3
1990;92100;2
1991;19889;1
1992;27030;4
1993;49037;3
1994;25476;3
1995;21164;3
1996;46277;3
1997;20348;3
1998;89468;1
1999;65704;4
2000;72455;4
2001;9017;4
2002;10240;4
2003;56501;1
2004;41446;2
2005;64458;1
2006;24703;1
2007;97260;2
2008;25492;4
2009;44266;2
2010;83098;3
2011;4040;1
2012;88551;3
2013;8101;1
2014;79456;4
2015;73224;1
2016;82913;2
2017;16161;3
2018;96744;2
2019;10068;2
2020;88837;3
2021;83496;1
2022;37479;4
2023;79453;3
2024;59716;4
2025;22029;4
2026;698;2
2027;91517;4
2028;10154;4
2029;94224;3
2030;18060;4
2031;15643;2
2032;51112;3
2033;6440;1
2034;65543;4
2035;63947;4
2036;10951;3
2037;20230;3
2038;60282;4
2039;88879;3
2040;98390;3
2041;22195;1
2042;18339;2
2043;98539;4
2044;24877;1
2045;35952;3
2046;41588;3
2047;53484;3
2048;66766;2
2049;65625;1
2050;47717;1
2051;30738;4
2052;97092;4
2053;41796;1
2054;94249;3
2055;88649;2
2056;44423;2
2057;7105;4
2058;8603;3
2059;37524;1
2060;86147;3
2061;85693;3
2062;90599;4
2063;63409;4
2064;44319;2
2065;96948;4
2066;29155;1
2067;25287;4
2068;78886;3
2069;61115;4
2070;57502;4
2071;10213;4
2072;27083;3
2073;55753;2
2074;56308;4
2075;36959;3
2076;37721;2
2077;38582;3
2078;15348;3
2079;7415;4
2080;99012;4
2081;34634;4
2082;77859;2
2083;58758;3
2084;87451;2
2085;90751;4
2086;50212;1
2087;89616;3
2088;65568;3
2089;56388;4
2090;81475;2
2091;3343;3
2092;21798;1
2093;65598;3
2094;53955;3
2095;96229;2
2096;18312;3
2097;45087;3
2098;51898;2
2099;38946;2
2100;5530;4
2101;25877;1
2102;1078;1
2103;12183;2
2104;80010;2
2105;86303;2
2106;15941;3
2107;32146;1
2108;41016;3
2109;1530;2
2110;91401;2
2111;70053;4
2112;39352;4
2113;55255;2
2114;32141;2
2115;47989;2
2116;30084;4
2117;47318;3
2118;26229;4
2119;12961;4
2120;5879;4
2121;54886;4
2122;42479;4
2123;11045;3
2124;47603;2
2125;88418;3
2126;17601;3
2127;36052;3
2128;66347;1
2129;16809;2
2130;57350;1
2131;52617;2
2132;92756;3
2133;46771;2
2134;11467;2
2135;2580;2
2136;46116;2
2137;49595;4
2138;59254;1
2139;81884;1
2140;24497;2
2141;31433;3
2142;24532;2
2143;46910;3
2144;68958;1
2145;94278;2
2146;16960;1
2147;42853;2
2148;96964;4
2149;19287;1
2150;63360;2
2151;69914;2
2152;52973;4
2153;50641;3
2154;81230;3
2155;88158;4
2156;98909;4
2157;56096;1
2158;95064;2
2159;79305;3
2160;90847;4
2161;39986;2
2162;24195;1
2163;77374;2
2164;14176;1
2165;31414;4
2166;92002;1
2167;5178;3
2168;24388;3
2169;51333;3
2170;40925;2
2171;30775;2
2172;64517;4
2173;8986;3
2174;41826;3
2175;9134;2
2176;45883;1
2177;70230;3
2178;93266;1
2179;35496;2
2180;3696;4
2181;21204;4
2182;52751;1
2183;44012;4
2184;72932;1
2185;19703;3
2186;70594;3
2187;87539;4
2188;34740;2
2189;92438;2
2190;2200;1
2191;89280;4
2192;83276;1
2193;19852;3
2194;92391;1
2195;97672;3
2196;65146;1
2197;43680;2
2198;79625;4
2199;58695;2
2200;72520;3
2201;24436;2
2202;65251;4
2203;34920;4
2204;44765;3
2205;23626;1
2206;17353;3
2207;15431;1
2208;4238;1
2209;9613;4
2210;98418;3
2211;5451;4
2212;79228;2
2213;1873;4
2214;52613;3
2215;30161;4
2216;43017;3
2217;35068;3
2218;60951;2
2219;10944;2
2220;72374;1
2221;18893;1
2222;32067;4
2223;14753;3
2224;37401;3
2225;22081;3
2226;21326;2
2227;20042;2
2228;32805;2
2229;80698;3
2230;78362;2
2231;36637;4
2232;76445;4
2233;44002;4
2234;59834;2
2235;22461;1
2236;95103;2
2237;29025;2
2238;24507;4
2239;73868;2
2240;36833;2
2241;11381;3
2242;75066;2
2243;26547;4
2244;94418;3
2245;86641;2
2246;42773;1
2247;23563;4
2248;65080;1
2249;21844;4
2250;68947;2
2251;81756;4
2252;55106;3
2253;42811;2
2254;39075;4
2255;48100;2
2256;30407;4
2257;21116;4
2258;52736;3
2259;14165;2
2260;51645;4
2261;82547;4
2262;72567;1
2263;8130;2
2264;52009;3
2265;68021;4
2266;93500;2
2267;60691;3
2268;86672;1
2269;7157;1
2270;82491;3
2271;17840;2
2272;73743;3
2273;66545;1
2274;42998;1
2275;9422;1
2276;10243;1
2277;62131;3
2278;33820;3
2279;70815;2
2280;81008;2
2281;46281;3
2282;63699;1
2283;21651;4
2284;2622;1
2285;82133;4
2286;89157;1
2287;85998;2
2288;82848;3
2289;31354;4
2290;83161;3
2291;91353;1
2292;28933;2
2293;40615;1
2294;56089;1
2295;56351;4
2296;44790;2
2297;7313;1
2298;51829;3
2299;68665;3
2300;50040;1
2301;43623;4
2302;345;3
2303;72534;1
2304;96977;1
2305;7037;3
2306;78256;2
2307;33001;1
2308;23390;3
2309;68468;1
2310;5862;2
2311;77601;1
2312;71022;3
2313;17239;3
2314;18608;1
2315;19858;4
2316;85083;1
2317;67970;3
2318;90555;1
2319;30007;4
2320;15572;4
2321;77837;4
2322;33487;2
2323;18229;4
2324;71489;4
2325;85185;2
2326;70848;1
2327;74904;1
2328;41847;2
2329;3834;2
2330;67721;3
2331;44074;3
2332;87953;4
2333;1816;1
2334;41293;2
2335;10618;3
2336;247;3
2337;84620;3
2338;842;4
2339;12071;3
2340;68710;2
2341;9041;4
2342;54289;2
2343;90358;4
2344;8905;4
2345;31222;3
2346;68819;4
2347;78082;3
2348;17828;4
2349;63502;4
2350;45345;3
2351;8059;2
2352;96609;3
2353;88161;1
2354;34417;2
2355;23694;1
2356;4225;4
2357;76723;4
2358;82598;1
2359;2427;1
2360;4946;1
2361;47000;4
2362;6223;3
2363;76873;3
2364;99684;2
2365;57732;2
2366;47123;3
2367;64226;1
2368;43105;3
2369;26676;2
2370;71307;1
2371;67928;4
2372;33503;1
2373;35180;4
2374;30997;4
2375;3460;3
2376;47951;3
2377;36559;1
2378;57434;3
2379;55061;4
2380;14001;1
2381;3429;1
2382;38580;4
2383;33818;2
2384;92760;2
2385;18819;2
2386;93283;3
2387;61968;4
2388;77985;2
2389;96525;4
2390;4134;1
2391;89824;1
2392;17923;1
2393;45134;1
2394;83114;1
2395;12497;3
2396;41776;4
2397;14252;3
2398;47962;2
2399;86288;1
2400;351;1
2401;39533;3
2402;42531;4
2403;46773;2
2404;70681;4
2405;27149;3
2406;9415;3
2407;15761;2
2408;30092;2
2409;64651;2
2410;31838;2
2411;49075;4
2412;6112;3
2413;7144;2
2414;90772;3
2415;97831;4
2416;45625;1
2417;7657;3
2418;14278;2
2419;89042;4
2420;60548;3
2421;15052;1
2422;23751;1
2423;8949;3
2424;59087;3
2425;8733;1
2426;15627;4
2427;49571;1
2428;78834;3
2429;65101;2
2430;86406;2
2431;95864;3
2432;71704;1
2433;42312;3
2434;69143;3
2435;58405;2
2436;90480;3
2437;15331;3
2438;51405;1
2439;11835;4
2440;29730;1
2441;57006;2
2442;70276;3
2443;2975;1
2444;23846;3
2445;88220;3
2446;49155;3
2447;4621;2
2448;16753;3
2449;46294;1
2450;38625;2
2451;15647;3
2452;38823;4
2453;83185;1
2454;11117;1
2455;23802;1
2456;97284;1
2457;62067;3
2458;65013;4
2459;58587;1
2460;97154;2
2461;80119;4
2462;39189;4
2463;39075;3
2464;15212;4
2465;76819;4
2466;16455;3
2467;96969;2
2468;92754;1
2469;8111;1
2470;60411;2
2471;66613;3
2472;32387;2
2473;97145;2
2474;90459;4
2475;82173;2
2476;46648;1
2477;15687;1
2478;79766;3
2479;13486;2
2480;6197;1
2481;92397;4
2482;44679;1
2483;93619;2
2484;16371;3
2485;98334;3
2486;22917;3
2487;39245;1
2488;65232;4
2489;4035;3
2490;20177;1
2491;29145;1
2492;3886;4
2493;66507;4
2494;47928;2
2495;74606;4
2496;28043;4
2497;51257;1
2498;21478;3
2499;69193;4
2500;31430;4
2501;55577;3
2502;67490;1
2503;87256;2
2504;11666;4
2505;59117;4
2506;5124;1
2507;31276;4
2508;47939;1
2509;85312;4
2510;81032;1
2511;75215;2
2512;85852;2
2513;27754;1
2514;57344;2
2515;67569;3
2516;82192;3
2517;38394;3
2518;96711;1
2519;90944;3
2520;84947;3
2521;99583;1
2522;93992;4
2523;68084;2
2524;6563;3
2525;21813;3
2526;93442;4
2527;35431;3
2528;76342;3
2529;74500;3
2530;69144;4
2531;80216;2
2532;65601;3
2533;78268;4
2534;5312;1
2535;45709;4
2536;13846;3
2537;19794;2
2538;60772;1
2539;80245;3
2540;78739;3
2541;92842;2
2542;15013;3
2543;68069;1
2544;24177;4
2545;25964;4
2546;42304;1
2547;42455;1
2548;69958;4
2549;5158;2
2550;14327;2
2551;13647;2
2552;77765;1
2553;41107;1
2554;78927;3
2555;3638;3
2556;18995;2
2557;81555;2
2558;74274;4
2559;52912;4
2560;82793;1
2561;12705;1
2562;7338;2
2563;14695;1
2564;10316;1
2565;65842;3
2566;5349;3
2567;12198;1
2568;87749;3
2569;88558;4
2570;40528;2
2571;71672;3
2572;38724;4
2573;32829;2
2574;51258;4
2575;16137;1
2576;43870;1
2577;19492;1
2578;47429;3
2579;61103;4
2580;2077;2
2581;48783;1
2582;14931;1
2583;65579;2
2584;67745;3
2585;75583;4
2586;13833;4
2587;55839;3
2588;18404;2
2589;57827;3
2590;17397;2
2591;64644;2
2592;62156;1
2593;47905;2
2594;52359;3
2595;87241;3
2596;97545;2
2597;99534;4
2598;80034;4
2599;37539;1
2600;63937;4
2601;13693;2
2602;42709;2
2603;90298;4
2604;83422;3
2605;76986;2
2606;11693;3
2607;50467;2
2608;35541;1
2609;64095;2
2610;4858;1
2611;37941;2
2612;59656;3
2613;24919;1
2614;72957;2
2615;46736;3
2616;91940;1
2617;31697;4
2618;85273;4
2619;39414;3
2620;85689;1
2621;51439;4
2622;16998;4
2623;87793;3
2624;66437;3
2625;393;4
2626;89735;3
2627;17891;3
2628;67000;2
2629;30507;3
2630;69018;2
2631;77914;4
2632;76246;1
2633;54351;3
2634;42811;2
2635;50434;2
2636;32842;3
2637;47947;3
2638;79334;2
2639;15887;4
2640;95279;4
2641;30124;4
2642;14221;1
2643;19438;4
2644;8576;1
2645;53645;2
2646;62448;3
2647;23446;3
2648;99042;1
2649;81329;2
2650;32397;3
2651;31786;3
2652;99624;4
2653;39470;4
2654;34599;1
2655;28875;3
2656;4460;3
2657;35660;1
2658;92553;2
2659;67777;4
2660;45649;3
2661;53424;1
2662;53791;2
2663;1029;4
2664;85552;4
2665;99027;3
2666;90207;1
2667;45911;3
2668;19617;3
2669;98329;2
2670;74200;3
2671;10346;4
2672;77053;1
2673;4330;4
2674;49099;4
2675;16076;3
2676;1905;2
2677;24920;3
2678;14352;2
2679;31952;2
2680;52033;2
2681;68841;4
2682;77447;2
2683;34901;3
2684;39929;1
2685;97675;1
2686;90840;4
2687;72128;1
2688;4862;4
2689;21231;2
2690;11137;1
2691;95634;4
2692;70047;2
2693;6073;4
2694;57398;2
2695;49228;2
2696;85825;1
2697;89892;4
2698;77540;4
2699;56960;2
2700;2573;3
2701;49284;4
2702;2211;2
2703;14217;2
2704;81852;4
2705;6416;2
2707;24103;4
2708;61801;4
2709;84030;1
2710;23736;4
2711;44789;4
2712;81946;1
2713;97124;4
2714;82173;4
2715;47958;3
2716;14180;2
2717;30919;1
2718;95416;4
2719;95847;4
2720;28730;2
2721;74155;1
2722;55879;4
2723;32980;2
2724;97982;1
2725;53168;1
2726;57512;2
2727;24272;1
2728;71808;2
2729;47142;2
2730;53174;1
2731;40086;1
2732;35509;1
2733;83462;2
2734;87935;4
2735;35018;3
2736;99715;3
2737;78656;3
2738;24063;3
2739;67789;1
2740;57570;1
2741;65281;4
2742;22957;4
2743;37351;4
2744;55662;4
2745;89717;2
2746;90524;2
2747;12885;1
2748;33235;2
2749;56699;3
2750;71342;1
2751;3074;1
2752;68143;2
2753;14620;2
2754;96715;2
2755;80243;3
2756;20882;4
2757;20333;3
2758;9968;3
2759;67732;4
2760;38358;1
2761;99187;4
2762;12226;3
2763;37938;4
2764;94414;3
2765;86542;2
2766;34963;1
2767;18819;3
2768;4949;3
2769;23822;3
2770;85406;3
2771;45538;1
2772;50672;3
2773;94309;1
2774;67090;1
2775;71043;2
2776;74047;3
2777;92293;2
2778;96287;3
2779;32975;2
2780;98513;1
2781;74273;1
2782;54294;1
2783;58230;2
2784;31576;2
2785;18130;2
2786;50930;4
2787;68593;3
2788;76315;1
2789;68931;4
2790;84701;2
2791;78637;2
2792;269;2
2793;42550;3
2794;58982;3
2795;10468;3
2796;67513;1
2797;63758;2
2798;25782;4
2799;56935;2
2800;29598;2
2801;42819;3
2802;44972;1
2803;58633;2
2804;56901;3
2805;25206;1
2806;33814;3
2807;27438;1
2808;76786;1
2809;14824;3
2810;7524;3
2811;77790;4
2812;69167;4
2813;36433;2
2814;1675;3
2815;52710;1
2816;25207;4
2817;39295;1
2818;56676;1
2819;50549;4
2820;67911;4
2821;27546;1
2822;57086;2
2823;80746;1
2824;52846;2
2825;39757;2
2826;78688;3
2827;55556;4
2828;85338;3
2829;37335;1
2830;78501;4
2831;22838;3
2832;24302;3
2833;54025;1
2834;18187;2
2835;46913;1
2836;34167;4
2837;47180;2
2838;53056;2
2839;47550;3
2840;41758;3
2841;37491;2
2842;13583;1
2843;46566;3
2844;2943;1
2845;5638;1
2846;40069;2
2847;97106;4
2848;40679;2
2849;91502;2
2850;22749;4
2851;35097;3
2852;94888;3
2853;93469;2
2854;21831;3
2855;98366;3
2856;98376;1
2857;23761;1
2858;50148;1
2859;77874;2
2860;61765;2
2861;44356;4
2862;15794;4
2863;40437;1
2864;23646;2
2865;82871;2
2866;92144;4
2867;84014;4
2868;26989;3
2869;41815;4
2870;2721;1
2871;53023;2
2872;16499;3
2873;67917;2
2874;34540;3
2875;91350;2
2876;14815;3
2877;77951;2
2878;62456;3
2879;54099;1
2880;57084;3
2881;84647;2
2882;4763;2
2883;7660;4
2884;77826;3
2885;44273;1
2886;88234;2
2887;14141;1
2888;40116;2
2889;98224;3
2890;16786;3
2891;39298;4
2892;19251;3
2893;337;2
2894;78998;2
2895;31837;1
2896;78734;2
2897;6463;3
2898;44492;2
2899;37610;2
2900;78952;4
2901;4746;3
2902;53071;2
2903;59822;1
2904;8648;2
2905;28634;1
2906;35584;2
2907;90149;4
2908;55185;1
2909;34984;3
2910;9274;1
2911;31926;4
2912;66935;1
2913;31325;3
2914;14025;1
2915;24014;2
2916;2444;4
2917;69682;4
2918;85864;3
2919;76433;4
2920;88374;1
2921;255;2
2922;87480;4
2923;50176;3
2924;93392;1
2925;21823;4
2926;14492;1
2927;85193;1
2928;55703;1
2929;351;4
2930;79004;1
2931;91747;3
2932;14467;4
2933;77088;3
2934;83439;3
2935;56272;4
2936;59576;1
2937;71373;3
2938;60641;1
2939;78979;3
2940;25001;2
2941;71619;2
2942;481;2
2943;24721;3
2944;32754;1
2945;36936;2
2946;71281;1
2947;51926;1
2948;59472;3
2949;85068;4
2950;16735;1
2951;44397;1
2952;83246;4
2953;3063;3
2954;25187;3
2955;11450;1
2956;69165;1
2957;93172;4
2958;87304;4
2959;73299;4
2960;296;2
2961;1425;1
2962;46567;1
2963;53260;2
2964;81798;2
2965;21241;3
2966;44154;3
2967;55160;3
2968;61973;4
2969;49329;4
2970;16239;1
2971;2268;3
2972;19852;3
2973;74483;2
2974;13267;2
2975;13075;3
2976;19057;1
2977;67603;4
2978;3618;3
2979;62040;2
2980;63321;3
2981;47444;1
2982;76255;4
2983;89571;1
2984;34351;3
2985;90359;1
2986;68995;2
2987;91190;1
2988;65885;1
2989;13110;2
2990;60527;4
2991;86357;1
2992;31736;3
2993;29073;4
2994;99278;1
2995;23578;2
2996;89562;3
2997;45728;2
2998;65996;1
2999;60217;1
3000;76774;3
3001;17073;3
3002;61857;3
3003;12138;1
3004;96453;2
3005;62663;4
3006;89729;2
3007;65134;2
3008;1414;3
3009;88258;4
3010;8816;2
3011;44642;4
3012;46754;4
3013;83310;3
3014;14994;3
3015;36380;3
3016;33378;2
3017;52013;1
3018;24299;2
3019;62223;3
3020;2211;2
3021;42943;1
3022;3949;3
3023;97053;2
3024;59059;4
3025;91096;1
3026;75659;3
3027;36093;2
3028;8043;3
3029;21104;3
3030;50155;1
3031;2055;1
3032;59324;3
3033;87278;3
3034;52591;4
3035;69360;1
3036;94178;2
3037;19170;4
3038;20674;3
3039;23097;3
3040;43206;4
3041;75586;1
3042;22055;3
3043;98699;4
3044;33622;3
3045;13732;1
3046;34696;4
3047;56719;3
3048;94248;3
3049;13494;3
3050;89785;4
3051;32174;4
3052;32590;3
3053;18649;2
3054;46569;1
3055;501;2
3056;67831;4
3057;75497;3
3058;12394;4
3059;72301;1
3060;74319;1
3061;67828;2
3062;27652;1
3063;40493;4
3064;25607;3
3065;21788;4
3066;53839;1
3067;27661;2
3068;94901;3
3069;10563;4
3070;78023;3
3071;85316;4
3072;7624;2
3073;74166;4
3074;92050;1
3075;98734;4
3076;41310;1
3077;84844;1
3078;18616;2
3079;47759;3
3080;4542;3
3081;25627;4
3082;60084;2
3083;77708;4
3084;4509;1
3085;68392;1
3086;85969;1
3087;7386;4
3088;88480;1
3089;44842;3
3090;3742;1
3091;94162;3
3092;40592;2
3093;39491;2
3094;50269;1
3095;14175;1
3096;36676;4
3097;47549;4
3098;6036;1
3099;4129;4
3100;61313;1
3101;79044;3
3102;39778;4
3103;21144;4
3104;16744;1
3105;24414;1
3106;7422;4
3107;57592;3
3108;47686;1
3109;95163;2
3110;50832;3
3111;21347;3
3112;65774;3
3113;60181;2
3114;20846;2
3115;89588;1
3116;76628;2
3117;75088;2
3118;8901;4
3119;19772;1
3120;38533;3
3121;52904;3
3122;11943;3
3123;70239;1
3124;49105;3
3125;91365;4
3126;48945;4
3127;80928;2
3129;47330;1
3130;11994;4
3132;9633;4
3133;68252;4
3134;31121;1
3135;34041;1
3136;33970;1
3137;73721;1
3138;78748;1
3139;56989;2
3140;46519;2
3141;76532;2
3142;57090;3
3143;62276;4
3144;79170;1
3145;55044;3
3146;6148;3
3147;20810;3
3148;97970;2
3149;33101;3
3150;61445;3
3151;32951;1
3152;73895;1
3153;46703;3
3154;67623;4
3155;83018;2
3156;43986;1
3157;9616;2
3158;6622;2
3159;92278;2
3160;6869;2
3161;15310;1
3162;86990;1
3163;49538;2
3164;66529;2
3165;26676;3
3166;18026;4
3167;78387;2
3168;36322;2
3169;18905;1
3170;62235;2
3171;91595;4
3172;10769;1
3173;95589;1
3174;88451;2
3175;5550;2
3176;14649;2
3177;7251;4
3178;1441;4
3179;69478;4
3180;90916;3
3181;65388;4
3182;64140;1
3183;16804;1
3184;98721;1
3185;43104;3
3186;99789;2
3187;45625;3
3188;68367;3
3189;78233;3
3190;14380;3
3191;26083;3
3192;145;2
3193;29977;4
3194;26866;3
3195;6478;1
3196;2376;4
3197;4720;1
3198;52250;2
3199;89188;1
3200;24050;3
3201;80534;1
3202;47357;1
3203;8922;2
3204;68551;4
3205;20336;2
3206;63831;1
3207;17960;3
3208;49325;2
3209;87960;1
3210;21571;4
3211;56731;2
3212;46126;1
3213;82907;4
3214;88134;2
3215;90660;4
3216;61966;1
3217;500;2
3218;56472;4
3219;7127;3
3220;16753;4
3221;41457;2
3222;98507;3
3223;27719;4
3224;45713;2
3225;59399;4
3226;53406;4
3227;24318;4
3228;29583;3
3229;7269;3
3230;90265;4
3231;98493;3
3232;44213;3
3233;38649;1
3234;86850;1
3235;48131;2
3236;63320;2
3237;69097;3
3238;24401;1
3239;95046;1
3240;24971;4
3241;68955;4
3242;87726;1
3243;36661;3
3244;41810;4
3245;19812;2
3246;36657;2
3247;46148;1
3248;24224;3
3249;65260;4
3250;58257;4
3251;18091;3
3252;51592;1
3253;97905;4
3254;43394;1
3255;31884;2
3256;96052;1
3257;6379;2
3258;8751;4
3259;54426;3
3260;6708;2
3261;94062;2
3262;34541;2
3263;98479;1
3264;58049;3
3265;74600;2
3266;26029;1
3267;92345;4
3268;96168;3
3269;60592;2
3270;65925;3
3271;67609;2
3272;26028;4
3273;9331;3
3274;73729;3
3275;34586;1
3276;93061;1
3277;9237;4
3278;49415;4
3279;22607;1
3280;43350;2
3281;95056;1
3282;75437;1
3283;59785;2
3284;91691;2
3285;10731;1
3286;93515;4
3287;93691;4
3288;90011;2
3289;22649;4
3290;7028;3
3291;70599;1
3292;10583;2
3293;55085;3
3294;35855;4
3295;16249;3
3296;43016;3
3297;99146;3
3298;16537;1
3299;25252;2
3300;86168;4
3301;79213;3
3302;9986;3
3303;26969;1
3304;6854;1
3305;57765;3
3306;84689;3
3307;5809;1
3308;45384;2
3309;89515;2
3310;99353;2
3311;46013;2
3312;36007;4
3313;89037;1
3314;92393;3
3315;37076;3
3316;26543;2
3317;87889;3
3318;66411;2
3319;14213;3
3320;35164;2
3321;8116;4
3322;20351;3
3323;87865;1
3324;53927;3
3325;50329;1
3326;44091;3
3327;98580;3
3328;57256;2
3329;22587;3
3330;23221;2
3331;26762;3
3332;79352;1
3333;91189;2
3334;82783;3
3335;31711;4
3336;14157;3
3337;93193;1
3338;28773;1
3339;60388;3
3340;440;3
3341;62414;4
3342;56214;3
3343;78332;2
3344;82601;3
3345;86869;4
3346;80395;2
3347;73981;4
3348;77066;3
3349;79773;2
3350;56222;2
3351;62803;1
3352;38223;2
3353;59357;4
3354;57469;1
3355;27684;2
3356;74930;2
3357;2218;2
3358;88036;2
3359;40936;2
3360;50413;1
3361;16118;4
3362;83647;4
3363;23456;3
3364;22696;4
3365;79934;4
3366;16596;3
3367;92239;1
3368;92426;3
3369;79180;4
3370;37615;4
3371;89318;1
3372;2856;4
3373;26277;2
3374;32239;2
3375;69153;2
3376;13108;3
3377;3252;3
3378;88684;1
3379;8651;1
3380;27498;4
3381;74752;1
3382;47667;4
3383;78351;3
3384;68510;1
3385;66148;4
3386;93763;3
3387;21250;2
3388;72902;1
3389;5337;2
3390;21343;1
3391;42358;1
3392;37970;1
3393;80826;4
3394;32918;4
3395;64705;2
3396;68094;4
3397;13424;1
3398;31020;2
3399;51556;3
3400;52862;4
3401;78631;4
3402;12282;1
3403;69885;1
3404;48402;4
3405;49382;2
3406;74995;2
3407;21539;4
3408;4622;1
3409;8196;2
3410;20878;1
3411;39959;3
3412;92597;2
3413;78717;2
3414;1063;3
3415;96214;4
3416;39143;3
3417;8258;1
3418;62627;1
3419;90122;3
3420;81695;2
3421;6679;3
3422;22602;4
3423;73031;4
3424;20362;3
3425;92202;1
3426;95654;4
3427;75140;2
3428;85287;3
3429;99153;3
3430;20874;2
3431;6354;3
3432;60934;4
3433;92408;3
3434;62857;3
3435;5367;2
3436;67226;4
3437;64111;3
3438;28348;2
3439;56911;2
3440;84417;4
3441;17433;1
3442;8757;3
3443;44325;3
3444;35901;1
3445;25371;4
3446;83659;2
3447;95506;2
3448;25062;4
3449;860;1
3450;21450;3
3451;21078;2
3452;72216;4
3453;80889;1
3454;5791;2
3455;62960;3
3456;70763;2
3457;50412;2
3458;99204;1
3459;48031;3
3460;25672;3
3461;51921;1
3462;42406;4
3463;56461;2
3464;90267;2
3465;27452;4
3466;8650;1
3467;62054;3
3468;78325;2
3469;97935;1
3470;14514;3
3471;35334;4
3472;93034;1
3473;95638;2
3474;77732;2
3475;61855;2
3476;12219;1
3477;86826;4
3478;61400;4
3479;89479;2
3480;57337;3
3481;87026;1
3482;46527;3
3483;66530;4
3484;3120;4
3485;51105;2
3486;92510;3
3487;10831;3
3488;24240;1
3489;31595;3
3490;6043;4
3491;84948;3
3492;52578;4
3493;23667;3
3494;74763;2
3495;53000;4
3496;7309;2
3497;23193;3
3498;71289;1
3499;16977;2
3500;13862;2
3501;40797;2
3502;77150;2
3503;97788;2
3504;23175;4
3505;10411;1
3506;11024;1
3507;35267;3
3508;11790;4
3509;25205;3
3510;28054;3
3511;18245;1
3512;71576;1
3513;26527;1
3514;42606;4
3515;61259;1
3516;25633;4
3517;22055;3
3518;91742;3
3519;78616;1
3520;98207;3
3521;42132;2
3522;72406;4
3523;387;3
3524;46681;4
3525;23669;4
3526;51121;3
3527;84900;1
3528;87913;1
3529;73005;4
3530;1933;3
3531;57280;4
3532;6108;1
3533;49352;1
3534;12572;1
3535;68216;2
3536;14648;1
3537;3904;1
3538;63639;4
3539;84081;2
3540;55411;2
3541;56124;1
3542;40389;2
3543;16618;2
3544;55405;3
3545;87903;1
3546;36375;4
3547;54557;2
3548;36356;2
3549;23327;4
3550;29678;1
3551;87170;3
3552;18883;2
3553;62622;2
3554;5728;4
3555;12381;1
3556;43962;2
3557;84983;4
3558;54702;2
3559;15301;1
3560;47035;2
3561;57097;4
3562;10906;1
3563;64996;3
3564;18618;2
3565;67850;2
3566;99453;1
3567;76423;4
3568;35332;3
3569;75708;1
3570;75914;1
3571;91875;4
3572;26333;3
3573;53044;2
3574;35290;4
3575;15086;2
3576;80468;3
3577;36702;3
3578;74802;2
3579;56127;4
3580;53516;3
3581;16967;3
3582;1186;1
3583;28333;4
3584;83889;3
3585;94572;2
3586;70272;4
3587;46524;2
3588;30532;2
3589;6422;2
3590;91700;3
3591;87471;2
3592;74632;2
3593;5530;3
3594;45988;2
3595;10323;3
3596;30580;1
3597;43246;2
3598;88484;1
3599;63290;2
3600;76593;3
3601;8275;3
3602;80298;3
3603;53330;1
3604;58097;2
3605;49513;4
3607;55945;2
3608;71843;3
3609;93589;1
3610;20965;3
3611;37208;1
3612;27268;1
3613;99781;3
3614;16133;4
3615;61657;2
3616;844;1
3617;90404;1
3618;89082;1
3619;73927;1
3620;83386;4
3621;20115;4
3622;39120;2
3623;97574;1
3624;66022;1
3625;25519;2
3626;52271;3
3627;61866;3
3628;60594;1
3629;30562;4
3630;87516;1
3631;63885;2
3632;59651;3
3633;79100;4
3634;82196;1
3635;93341;4
3636;32069;2
3637;31361;4
3638;84900;3
3639;44403;4
3640;85665;4
3641;61492;3
3642;27453;4
3643;8776;3
3644;39131;1
3645;92025;2
3646;29557;2
3647;65847;3
3648;50054;4
3649;44210;4
3650;73979;3
3651;36187;3
3652;70165;2
3653;48279;4
3654;73706;3
3655;92444;2
3656;96454;4
3657;29584;2
3658;52159;3
3659;58884;3
3660;25751;3
3661;14235;3
3662;23394;2
3663;45907;1
3664;51429;2
3665;72740;2
3666;99202;2
3667;59336;4
3668;80306;1
3669;58912;1
3670;33293;4
3671;19141;4
3672;57222;3
3673;30845;4
3674;18685;1
3675;31143;1
3676;36256;2
3677;39047;2
3678;79828;3
3679;71936;2
3680;77172;4
3681;81517;1
3682;12998;1
3683;72561;2
3684;71594;2
3685;83695;1
3686;66438;4
3687;73342;1
3688;32352;4
3689;72117;3
3690;38146;3
3691;31970;4
3692;21047;1
3693;17122;2
3694;61685;2
3695;27214;4
3696;41448;4
3697;79741;2
3698;87232;2
3699;97379;3
3700;6059;2
3701;24055;2
3702;73542;4
3703;57080;4
3704;42111;3
3705;39719;1
3706;75951;1
3707;27751;4
3708;91461;4
3709;20430;2
3710;93525;4
3711;53249;3
3712;29592;1
3713;11324;4
3714;23942;2
3715;69086;1
3716;76891;4
3717;73644;4
3718;68235;1
3719;80203;3
3720;60444;1
3721;90156;2
3722;19358;3
3723;8677;1
3724;53801;4
3725;26281;4
3726;97660;4
3727;76975;4
3728;82494;4
3729;98996;1
3730;24881;3
3731;57726;4
3732;85839;4
3733;56875;1
3735;20129;2
3736;9804;4
3737;95524;2
3738;56072;3
3739;3053;2
3740;32122;3
3741;5231;3
3742;49212;1
3743;55300;3
3744;26766;4
3745;31717;1
3746;26083;4
3747;88759;4
3748;41807;3
3749;77882;4
3750;28547;2
3751;4164;1
3752;453;4
3753;92146;1
3754;59101;4
3755;43657;3
3756;71353;2
3757;542;2
3758;90937;3
3759;40860;2
3760;84977;2
3761;82984;3
3762;54252;1
3763;60753;4
3764;84333;1
3765;50666;3
3766;81950;1
3767;57301;3
3768;8348;4
3769;44088;4
3770;65581;3
3771;73242;3
3772;45466;3
3773;90358;4
3774;98309;4
3775;21296;4
3776;22147;2
3777;74267;1
3778;91306;3
3779;81793;1
3780;83895;3
3781;59965;3
3782;72260;2
3783;76459;1
3784;3158;4
3785;91564;2
3786;57326;1
3787;93886;4
3788;64685;4
3789;9772;4
3790;47500;2
3791;63689;3
3792;96736;3
3793;83549;4
3794;99787;1
3795;55913;1
3796;59610;4
3797;5683;1
3798;73643;4
3799;84275;2
3800;12123;3
3801;73026;2
3802;14084;3
3803;47571;1
3804;97575;2
3805;68288;2
3806;31904;3
3807;77314;4
3808;43345;4
3809;4903;4
3810;72988;3
3811;26376;3
3812;88027;1
3813;93885;1
3814;45361;4
3815;85047;4
3816;37584;1
3817;59089;1
3818;37242;1
3819;64830;3
3820;49170;1
3821;44050;2
3822;91674;1
3823;21065;1
3824;27696;4
3825;75927;3
3826;13635;3
3827;14647;2
3828;90475;2
3829;52827;3
3831;73343;4
3832;53058;3
3833;97203;2
3834;41613;4
3835;85732;2
3836;89628;1
3837;84338;1
3838;76096;3
3839;53010;4
3840;30872;4
3841;48686;4
3843;50283;1
3844;38306;4
3845;19158;1
3846;40243;1
3847;96471;1
3848;97626;1
3849;40386;3
3850;10629;2
3851;11198;1
3852;99754;4
3853;45246;3
3854;25586;4
3855;20289;1
3856;68704;3
3858;99948;1
3859;97650;3
3860;62552;1
3861;64543;4
3862;32533;2
3863;41094;1
3864;75871;2
3865;70925;3
3866;78250;3
3867;61165;1
3868;98787;3
3869;11266;3
3870;98181;2
3871;90411;3
3872;24837;3
3873;60069;4
3874;2738;1
3875;43634;1
3876;33794;4
3877;48248;2
3878;73718;2
3879;40815;1
3880;58997;3
3881;79092;1
3882;74617;3
3883;12698;2
3884;63971;4
3885;49768;4
3886;42324;2
3887;72433;1
3888;32041;1
3889;66308;1
3890;29149;1
3891;54762;4
3892;45580;2
3893;77347;2
3894;2831;4
3895;44369;3
3896;43937;2
3897;94641;4
3898;58589;4
3899;10313;1
3900;1800;3
3901;17619;4
3902;25707;1
3903;76645;2
3904;22715;3
3905;87636;4
3906;30057;1
3907;17882;3
3908;85532;4
3909;45788;2
3910;42663;1
3911;28883;1
3912;30276;2
3913;4136;4
3914;54569;2
3915;23817;4
3916;71012;4
3917;21752;3
3918;45440;1
3919;59527;2
3920;97229;2
3921;80169;4
3922;16038;1
3923;64541;4
3924;57558;1
3925;41400;1
3926;75298;1
3927;31429;2
3928;43050;2
3929;24546;2
3930;31818;2
3931;84372;1
3932;39775;1
3933;6181;4
3934;65879;2
3935;63797;2
3936;48285;2
3937;91252;1
3938;87175;4
3939;26838;1
3940;7032;3
3941;64980;2
3942;24704;1
3943;22764;3
3944;32742;3
3945;71748;3
3946;82036;4
3947;13086;3
3948;63279;1
3949;92923;4
3950;7193;4
3951;6478;1
3952;35823;3
3953;89751;1
3954;95735;1
3955;11270;1
3956;20408;2
3957;21022;3
3958;18675;3
3959;89396;2
3960;3507;2
3961;76364;1
3962;63121;2
3963;90159;4
3964;22939;4
3965;98737;2
3966;16569;4
3967;43239;2
3968;54993;2
3969;96587;1
3970;52699;3
3971;60324;1
3972;14554;2
3973;18624;3
3974;41246;2
3975;65579;3
3976;15380;4
3977;68375;2
3978;49724;1
3979;82976;3
3980;41948;1
3981;50561;3
3982;14695;3
3983;85909;3
3984;5341;3
3985;97149;3
3986;32282;3
3987;74230;3
3988;81999;2
3989;89306;4
3990;30828;1
3991;33649;4
3992;52181;2
3993;58601;2
3994;91340;3
3995;36498;1
3996;31911;2
3997;11219;2
3998;98275;1
3999;43030;1
4000;48391;4
4001;93639;2
4002;15511;3
4003;27166;1
4004;46330;3
4005;28740;2
4006;28966;4
4007;68179;3
4008;71652;3
4009;26884;3
4010;68967;3
4011;128;3
4012;3433;1
4013;47228;2
4014;40088;4
4015;32462;3
4016;32601;2
4017;60162;4
4018;96963;1
4019;25712;4
4020;97317;3
4021;976;4
4022;26127;4
4023;52492;2
4024;45386;3
4025;30870;2
4026;37913;3
4027;69112;2
4028;34772;2
4029;14690;4
4030;5917;3
4031;39960;4
4032;66904;2
4033;28299;1
4034;34588;4
4035;43723;2
4036;62516;3
4037;60731;3
4038;30158;3
4039;30110;3
4040;52489;3
4041;51103;1
4042;83534;2
4043;31644;4
4044;79492;1
4045;17090;3
4046;8711;4
4047;84380;3
4048;20236;3
4049;57729;4
4050;92304;2
4051;40269;4
4052;99389;2
4053;34593;4
4054;19337;4
4055;3209;1
4056;42595;2
4057;69175;1
4058;98385;3
4059;546;3
4060;9462;1
4061;24771;1
4062;41717;3
4063;70645;4
4064;21482;3
4065;60675;3
4066;14819;1
4067;24324;3
4068;44010;2
4069;40699;4
4070;8092;1
4071;37886;4
4072;71141;1
4073;98543;3
4074;18792;3
4075;58640;3
4076;28965;1
4077;30469;2
4078;59432;2
4079;71107;2
4080;24743;4
4081;4150;4
4082;85340;3
4083;91741;2
4084;61727;3
4085;15331;2
4086;25522;1
4087;28006;2
4088;87400;3
4089;55815;3
4090;74829;3
4091;81962;1
4092;58222;2
4093;846;3
4094;20264;2
4095;87923;2
4096;69170;1
4097;53934;1
4098;20652;1
4099;49069;2
4100;27358;3
4101;69290;2
4102;78883;4
4103;25597;4
4104;9611;2
4105;74243;2
4106;91548;2
4107;76719;4
4108;35068;1
4109;71663;3
4110;68582;1
4111;69494;3
4112;50759;1
4113;71020;4
4114;28220;4
4115;75432;2
4116;65828;4
4117;15914;3
4118;28618;3
4119;30253;4
4120;88799;3
4121;32488;3
4122;8559;4
4123;28432;3
4124;88403;1
4125;57511;4
4126;56698;1
4127;38675;3
4128;44946;2
4129;96586;3
4130;29553;3
4131;1430;4
4132;22443;2
4133;64474;1
4134;54916;3
4135;87146;3
4136;14340;2
4137;1278;2
4138;72034;1
4139;49642;3
4140;24584;4
4141;59868;4
4142;39397;2
4143;15363;4
4144;42657;1
4145;70636;1
4146;72939;3
4147;90253;2
4148;68005;2
4149;46224;2
4150;79176;2
4151;41684;1
4152;35441;1
4153;28309;4
4154;66632;2
4155;11401;3
4156;65219;4
4157;77796;4
4158;12616;3
4159;61754;4
4160;51040;1
4161;21509;2
4162;46591;1
4163;90519;3
4164;2316;1
4165;15571;4
4166;11940;4
4167;45060;1
4168;10807;2
4169;77357;3
4170;56741;4
4171;75350;4
4172;4483;3
4173;68459;3
4174;38240;2
4175;53845;3
4176;5081;2
4177;76065;2
4178;74663;1
4179;96842;2
4180;97942;1
4181;26917;2
4182;33602;3
4183;75329;2
4184;88688;3
4185;16326;1
4186;49262;2
4187;22240;3
4188;87628;3
4189;46836;2
4190;20873;2
4191;38582;1
4192;79274;2
4193;60425;4
4194;5647;4
4195;75052;4
4196;57582;3
4197;9473;2
4198;75045;3
4199;26543;3
4200;13553;3
4201;45922;4
4202;28718;2
4203;2603;4
4204;87032;4
4205;48767;2
4206;28725;1
4207;26206;1
4208;78249;1
4209;16189;1
4210;4219;4
4211;85354;4
4212;32751;1
4213;45286;1
4214;88585;1
4215;41473;3
4216;70233;3
4217;2451;3
4218;1474;3
4219;4340;1
4220;26527;1
4221;85082;4
4222;31291;1
4223;43402;2
4224;31379;1
4225;64567;4
4226;30719;2
4227;48673;1
4228;41212;4
4229;35482;3
4230;4715;3
4231;62347;4
4232;54092;4
4233;24965;1
4234;21297;3
4235;65992;1
4236;88956;4
4237;71772;3
4238;47186;1
4239;49055;4
4240;6356;1
4241;19947;4
4242;944;3
4243;22897;4
4244;1258;3
4245;13358;3
4246;68963;3
4247;98670;3
4248;77691;2
4249;15198;2
4250;44639;1
4251;96306;4
4252;4221;1
4253;65298;1
4254;49234;2
4255;91853;2
4256;86895;1
4257;35475;3
4258;35632;3
4259;81877;4
4260;57498;2
4261;42059;4
4262;34478;4
4263;74496;4
4264;50944;3
4265;82982;4
4266;73216;3
4267;2570;3
4268;75116;2
4269;50191;4
4270;77211;1
4271;27699;3
4272;72625;4
4273;72387;2
4274;12349;1
4275;59853;2
4276;90777;4
4277;57964;1
4278;92615;3
4279;38127;4
4280;89100;4
4281;8204;3
4282;16438;1
4283;70067;1
4284;70244;1
4285;47568;4
4286;83974;2
4287;79503;4
4288;30909;4
4289;76476;4
4290;68833;1
4291;69876;3
4292;57152;3
4293;78572;3
4294;10170;1
4295;61139;3
4296;452;2
4297;80799;4
4298;15632;2
4299;19512;2
4300;25500;4
4301;17295;1
4302;8279;2
4303;3276;4
4304;98759;2
4305;72434;4
4306;98620;1
4307;59192;3
4308;14637;4
4309;38137;2
4310;71040;2
4311;44778;1
4312;80361;3
4313;13849;3
4314;66275;2
4315;4995;1
4316;91852;1
4317;99000;4
4318;14703;3
4319;619;3
4320;15126;2
4321;60867;4
4322;34177;3
4323;98648;3
4324;75886;2
4325;25740;2
4326;22083;1
4327;55129;4
4328;22865;4
4329;60725;4
4330;88478;1
4331;53971;2
4332;52671;3
4333;97489;4
4334;36636;4
4335;82237;4
4336;53484;2
4337;95541;3
4338;85141;2
4339;12196;2
4340;93131;2
4341;10430;4
4342;13769;3
4343;27175;2
4344;63041;2
4345;53971;4
4346;96815;2
4347;78773;1
4348;26749;1
4349;26239;2
4350;58309;3
4351;57212;2
4352;28803;4
4353;89479;3
4354;28103;1
4355;84226;4
4356;70983;2
4357;41186;1
4358;83950;2
4359;11181;4
4360;6796;1
4361;14318;4
4362;71015;1
4363;36764;1
4364;5788;2
4365;79696;1
4366;28063;4
4367;13797;1
4368;91557;3
4369;52049;1
4370;60769;2
4371;79381;2
4372;12433;2
4373;25047;3
4374;40081;1
4375;69619;4
4376;40725;1
4377;98500;4
4378;76923;2
4379;68189;1
4380;18690;1
4381;35211;1
4382;46763;3
4383;25544;2
4384;93732;1
4385;29757;1
4386;84342;4
4387;54846;3
4388;41650;1
4389;64706;2
4390;36974;1
4391;91287;1
4392;59848;1
4393;76068;2
4394;28046;3
4395;89893;2
4396;74746;4
4397;12830;2
4398;72411;3
4399;81172;4
4400;69743;2
4401;91652;3
4402;53895;2
4403;48774;3
4404;68014;2
4405;29763;3
4406;39064;4
4407;3543;4
4408;90248;3
4409;23394;4
4410;86982;2
4411;31545;2
4412;68288;2
4413;24479;2
4414;37558;1
4415;10597;4
4416;72815;1
4417;87476;2
4418;84612;1
4419;85339;3
4420;26179;1
4421;16322;2
4422;60766;3
4423;33568;4
4424;60032;1
4425;24026;3
4426;80137;1
4427;45696;4
4428;91772;3
4429;46653;3
4430;81656;4
4431;25025;4
4432;12184;3
4433;49551;3
4434;7893;3
4435;42516;1
4436;32079;1
4437;93319;2
4438;38391;2
4439;43493;2
4440;49965;2
4441;83455;2
4442;32228;1
4443;48786;1
4444;25177;1
4445;71314;2
4446;86871;3
4447;91461;3
4448;18939;4
4449;15037;4
4450;77803;1
4451;4887;2
4452;79640;1
4453;84026;4
4454;39973;1
4455;49188;4
4456;53399;4
4457;5873;3
4458;54822;1
4459;52025;2
4460;86125;1
4461;66650;3
4462;26828;3
4463;58217;3
4464;29838;4
4465;23251;3
4466;47889;1
4467;13536;3
4468;16183;3
4469;1106;4
4470;45962;1
4471;36928;2
4472;77268;1
4473;72018;2
4474;40513;3
4475;70515;2
4476;47638;4
4477;32808;4
4478;5977;4
4479;74149;3
4480;44438;3
4481;34273;4
4482;5132;3
4483;98384;2
4484;39779;2
4485;76945;1
4486;34992;3
4487;3545;2
4488;46569;3
4489;81086;1
4490;90035;4
4491;19308;3
4492;7865;2
4493;65871;3
4494;41740;4
4495;82996;2
4496;71161;3
4497;41407;2
4498;18067;2
4499;60054;3
4500;41959;2
4501;84813;2
4502;32325;4
4503;19785;1
4504;56097;1
4505;76967;3
4506;42850;1
4507;48142;4
4508;37844;3
4509;25444;2
4510;99931;3
4511;11761;2
4512;10948;2
4513;12333;2
4514;38137;1
4515;92712;1
4516;5576;1
4517;96394;1
4518;70677;3
4519;82747;2
4520;68193;2
4521;48733;2
4522;72709;3
4523;18539;4
4524;17397;3
4525;70987;3
4526;25307;4
4527;92309;1
4528;37433;2
4529;11521;2
4530;26415;4
4531;78778;1
4532;15402;1
4533;57812;3
4534;10877;4
4535;94016;1
4536;97876;3
4537;91150;2
4538;56283;1
4539;68713;3
4540;65078;3
4541;89770;4
4542;4036;2
4543;32804;3
4544;98754;4
4545;90130;3
4546;82716;1
4547;78601;2
4548;79361;3
4549;81884;4
4550;50735;4
4551;98282;3
4552;56516;3
4553;4026;3
4554;24189;2
4555;40465;4
4556;29728;4
4557;5311;1
4558;41750;1
4559;17113;3
4560;78292;1
4561;69260;1
4562;75234;2
4563;85566;2
4564;39711;2
4565;77748;4
4566;10999;2
4567;62134;3
4568;3354;1
4569;64280;2
4570;77566;2
4571;38674;2
4572;57105;2
4573;80432;4
4574;150;4
4575;18701;2
4576;12660;4
4577;692;1
4578;38167;3
4579;56195;4
4580;18378;3
4581;35062;3
4582;54116;4
4583;77603;4
4584;51520;2
4585;9398;1
4586;34384;4
4587;75921;2
4588;81484;2
4589;46951;3
4590;5109;1
4591;13149;2
4592;63693;1
4593;62796;4
4594;63102;1
4595;77469;3
4596;27592;1
4597;66255;1
4598;11333;3
4599;62019;3
4600;31756;4
4601;2013;2
4602;27518;2
4603;67625;1
4604;61166;4
4605;60405;4
4606;45130;2
4607;92847;3
4608;53552;3
4609;78350;2
4610;75308;1
4611;95813;2
4612;15973;3
4613;22946;2
4614;77516;2
4615;33292;1
4616;33043;1
4617;47499;1
4618;60790;2
4619;57251;1
4620;32949;3
4621;88160;1
4622;63138;1
4623;57305;2
